strategy,ticker,name,entry_date,exit_date,entry_price,exit_price,pnl_pct,exit_reason,hold_days
A_눌림목,012450,한화에어로스페이스,2024-03-06,2024-03-06,188960.0,207336.0,9.451,TP,0
A_눌림목,012450,한화에어로스페이스,2024-06-25,2024-06-25,242439.0,234578.0,-3.484,SL,0
A_눌림목,034020,두산에너빌리티,2022-03-17,2022-03-21,22700.0,21964.0,-3.484,SL,4
A_눌림목,068270,셀트리온,2024-08-13,2024-08-13,183070.0,177134.0,-3.484,SL,0
A_눌림목,329180,HD현대중공업,2024-05-03,2024-05-14,136500.0,141802.0,3.625,EXPIRE,11
A_눌림목,012330,현대모비스,2024-10-22,2024-10-25,241000.0,264437.0,9.451,TP,3
A_눌림목,035420,NAVER,2021-06-29,2021-07-07,409500.0,416040.0,1.344,EXPIRE,8
A_눌림목,267260,HD현대일렉트릭,2022-06-10,2022-06-13,23450.0,22690.0,-3.484,SL,3
A_눌림목,042700,한미반도체,2023-11-10,2023-11-10,61400.0,67371.0,9.451,TP,0
A_눌림목,298040,효성중공업,2024-02-23,2024-03-04,184500.0,202442.0,9.451,TP,10
A_눌림목,272210,한화시스템,2024-03-12,2024-03-12,18220.0,17629.0,-3.484,SL,0
A_눌림목,034730,SK,2023-10-18,2023-10-20,151000.0,146104.0,-3.484,SL,2
A_눌림목,035720,카카오,2022-11-16,2022-11-16,59700.0,57764.0,-3.484,SL,0
A_눌림목,003670,포스코퓨처엠,2022-04-14,2022-04-22,123587.0,121706.0,-1.768,EXPIRE,8
A_눌림목,003670,포스코퓨처엠,2023-03-21,2023-03-27,241844.0,265363.0,9.451,TP,6
A_눌림목,047810,한국항공우주,2022-03-25,2022-03-29,43450.0,42041.0,-3.484,SL,4
A_눌림목,079550,LIG넥스원,2024-02-19,2024-02-22,129300.0,141874.0,9.451,TP,3
A_눌림목,000250,삼천당제약,2024-03-21,2024-03-22,86700.0,83889.0,-3.484,SL,1
A_눌림목,017670,SK텔레콤,2021-12-02,2021-12-10,53600.0,55605.0,3.482,EXPIRE,8
A_눌림목,003550,LG,2024-02-07,2024-02-19,90000.0,98752.0,9.451,TP,12
A_눌림목,047050,포스코인터내셔널,2023-06-14,2023-06-22,36800.0,39063.0,5.884,EXPIRE,8
A_눌림목,352820,하이브,2023-04-12,2023-04-13,223500.0,245235.0,9.451,TP,1
A_눌림목,259960,크래프톤,2022-04-07,2022-04-08,283000.0,273823.0,-3.484,SL,1
A_눌림목,259960,크래프톤,2022-11-17,2022-11-21,220500.0,241943.0,9.451,TP,4
A_눌림목,323410,카카오뱅크,2023-11-24,2023-12-04,25800.0,25311.0,-2.139,EXPIRE,10
A_눌림목,277810,레인보우로보틱스,2023-11-09,2023-11-10,165100.0,159746.0,-3.484,SL,1
A_눌림목,307950,현대오토에버,2024-04-29,2024-04-30,157100.0,172378.0,9.451,TP,1
A_눌림목,003230,삼양식품,2024-03-06,2024-03-14,190900.0,184710.0,-3.484,SL,8
A_눌림목,006260,LS,2024-07-16,2024-07-16,150600.0,145717.0,-3.484,SL,0
A_눌림목,011070,LG이노텍,2024-04-30,2024-05-10,218000.0,233182.0,6.697,EXPIRE,10
A_눌림목,007660,이수페타시스,2021-11-18,2021-11-23,4449.0,4305.0,-3.484,SL,5
A_눌림목,007660,이수페타시스,2021-12-28,2021-12-29,6194.0,6796.0,9.451,TP,1
A_눌림목,007660,이수페타시스,2022-04-21,2022-04-21,8207.0,7941.0,-3.484,SL,0
A_눌림목,007660,이수페타시스,2022-11-18,2022-11-18,6068.0,5871.0,-3.484,SL,0
A_눌림목,007660,이수페타시스,2024-07-03,2024-07-04,56406.0,54577.0,-3.484,SL,1
A_눌림목,028050,삼성E&A,2021-06-14,2021-06-17,21250.0,23317.0,9.451,TP,3
A_눌림목,028050,삼성E&A,2024-07-22,2024-07-26,24850.0,27267.0,9.451,TP,4
A_눌림목,087010,펩트론,2023-07-05,2023-07-07,13761.0,13315.0,-3.484,SL,2
A_눌림목,087010,펩트론,2023-09-14,2023-09-14,39297.0,38023.0,-3.484,SL,0
A_눌림목,087010,펩트론,2023-12-26,2023-12-26,34984.0,33850.0,-3.484,SL,0
A_눌림목,087010,펩트론,2024-07-23,2024-07-24,77820.0,75297.0,-3.484,SL,1
A_눌림목,087010,펩트론,2024-09-20,2024-09-25,50102.0,48477.0,-3.484,SL,5
A_눌림목,028300,HLB,2023-01-10,2023-01-18,29853.0,29226.0,-2.343,EXPIRE,8
A_눌림목,028300,HLB,2024-03-13,2024-03-13,100700.0,97435.0,-3.484,SL,0
A_눌림목,267270,HD건설기계,2021-04-27,2021-04-30,55800.0,53991.0,-3.484,SL,3
A_눌림목,267270,HD건설기계,2022-09-16,2022-09-16,40000.0,38703.0,-3.484,SL,0
A_눌림목,267270,HD건설기계,2022-09-20,2022-09-22,40000.0,38703.0,-3.484,SL,2
A_눌림목,267270,HD건설기계,2023-09-14,2023-09-14,74600.0,72181.0,-3.484,SL,0
A_눌림목,377300,카카오페이,2022-11-08,2022-11-08,40500.0,44439.0,9.451,TP,0
A_눌림목,052690,한전기술,2021-04-20,2021-04-20,37500.0,41147.0,9.451,TP,0
A_눌림목,052690,한전기술,2021-06-01,2021-06-01,58600.0,56700.0,-3.484,SL,0
A_눌림목,241560,두산밥캣,2024-04-02,2024-04-03,53000.0,51281.0,-3.484,SL,1
A_눌림목,066970,엘앤에프,2022-01-03,2022-01-03,222700.0,215479.0,-3.484,SL,0
A_눌림목,310210,보로노이,2024-07-18,2024-07-18,74800.0,72375.0,-3.484,SL,0
A_눌림목,310210,보로노이,2024-07-22,2024-07-24,71000.0,77905.0,9.451,TP,2
A_눌림목,001040,CJ,2023-08-16,2023-08-16,76400.0,73923.0,-3.484,SL,0
A_눌림목,034220,LG디스플레이,2021-11-02,2021-11-10,18393.0,18513.0,0.402,EXPIRE,8
A_눌림목,454910,두산로보틱스,2024-02-20,2024-02-27,79200.0,76632.0,-3.484,SL,7
A_눌림목,214370,케어젠,2023-02-07,2023-02-07,37200.0,35994.0,-3.484,SL,0
A_눌림목,214370,케어젠,2023-06-21,2023-06-29,45700.0,50144.0,9.451,TP,8
A_눌림목,002380,KCC,2021-09-09,2021-09-17,444000.0,452412.0,1.641,EXPIRE,8
A_눌림목,002380,KCC,2023-09-21,2023-09-22,260500.0,252053.0,-3.484,SL,1
A_눌림목,353200,대덕전자,2024-12-19,2024-12-20,15400.0,14901.0,-3.484,SL,1
A_눌림목,251270,넷마블,2023-03-02,2023-03-02,61800.0,59796.0,-3.484,SL,0
A_눌림목,018880,한온시스템,2022-11-18,2022-11-28,8003.0,7947.0,-0.946,EXPIRE,10
A_눌림목,108490,로보티즈,2021-12-30,2021-12-30,24832.0,24027.0,-3.484,SL,0
A_눌림목,108490,로보티즈,2022-03-02,2022-03-08,25416.0,24592.0,-3.484,SL,6
A_눌림목,000990,DB하이텍,2023-12-05,2023-12-05,59000.0,57087.0,-3.484,SL,0
A_눌림목,111770,영원무역,2021-12-15,2021-12-20,43650.0,42235.0,-3.484,SL,5
A_눌림목,010060,OCI홀딩스,2023-06-14,2023-06-22,98900.0,105330.0,6.236,EXPIRE,8
A_눌림목,103590,일진전기,2021-09-07,2021-09-09,5926.0,5734.0,-3.484,SL,2
A_눌림목,103590,일진전기,2023-09-20,2023-09-21,12393.0,11991.0,-3.484,SL,1
A_눌림목,103590,일진전기,2024-03-26,2024-03-27,18990.0,20837.0,9.451,TP,1
A_눌림목,103590,일진전기,2024-05-03,2024-05-03,21900.0,21190.0,-3.484,SL,0
A_눌림목,017800,현대엘리베이터,2023-05-17,2023-05-25,40850.0,43298.0,5.728,EXPIRE,8
A_눌림목,302440,SK바이오사이언스,2021-08-23,2021-08-23,330000.0,319299.0,-3.484,SL,0
A_눌림목,302440,SK바이오사이언스,2024-12-17,2024-12-17,55300.0,53507.0,-3.484,SL,0
A_눌림목,043260,성호전자,2022-02-08,2022-02-11,1695.0,1640.0,-3.484,SL,3
A_눌림목,043260,성호전자,2024-05-21,2024-05-21,2195.0,2124.0,-3.484,SL,0
A_눌림목,014680,한솔케미칼,2023-09-20,2023-09-21,177500.0,171744.0,-3.484,SL,1
A_눌림목,011780,금호석유화학,2023-09-08,2023-09-18,129100.0,131040.0,1.25,EXPIRE,10
A_눌림목,011780,금호석유화학,2023-12-22,2023-12-26,140600.0,136041.0,-3.484,SL,4
A_눌림목,083650,비에이치아이,2021-09-07,2021-09-09,4855.0,4698.0,-3.484,SL,2
A_눌림목,083650,비에이치아이,2022-06-20,2022-06-20,5730.0,5544.0,-3.484,SL,0
A_눌림목,083650,비에이치아이,2022-11-17,2022-11-17,8740.0,8457.0,-3.484,SL,0
A_눌림목,083650,비에이치아이,2024-11-27,2024-11-27,18220.0,17629.0,-3.484,SL,0
A_눌림목,319400,현대무벡스,2023-05-08,2023-05-08,4700.0,4548.0,-3.484,SL,0
A_눌림목,319400,현대무벡스,2023-05-24,2023-05-24,4915.0,4756.0,-3.484,SL,0
A_눌림목,319400,현대무벡스,2023-05-26,2023-05-26,4665.0,4514.0,-3.484,SL,0
A_눌림목,319400,현대무벡스,2023-11-17,2023-11-17,3485.0,3372.0,-3.484,SL,0
A_눌림목,140410,메지온,2024-01-08,2024-01-15,39050.0,37784.0,-3.484,SL,7
A_눌림목,140410,메지온,2024-02-23,2024-02-28,36600.0,40159.0,9.451,TP,5
A_눌림목,178320,서진시스템,2024-10-07,2024-10-16,29100.0,29098.0,-0.257,EXPIRE,9
A_눌림목,440110,파두,2024-09-20,2024-09-23,16300.0,15771.0,-3.484,SL,3
A_눌림목,008930,한미사이언스,2022-03-21,2022-03-24,45257.0,43789.0,-3.484,SL,3
A_눌림목,218410,RFHIC,2022-06-03,2022-06-09,31050.0,30043.0,-3.484,SL,6
A_눌림목,058610,에스피지,2022-04-07,2022-04-08,14900.0,14417.0,-3.484,SL,1
A_눌림목,257720,실리콘투,2023-03-03,2023-03-03,3880.0,3754.0,-3.484,SL,0
A_눌림목,257720,실리콘투,2023-03-07,2023-03-07,3605.0,3488.0,-3.484,SL,0
A_눌림목,257720,실리콘투,2023-08-09,2023-08-09,9100.0,8805.0,-3.484,SL,0
A_눌림목,347700,스피어,2021-08-03,2021-08-03,14085.0,15455.0,9.451,TP,0
A_눌림목,347700,스피어,2021-12-14,2021-12-14,10462.0,10123.0,-3.484,SL,0
A_눌림목,347700,스피어,2023-03-07,2023-03-07,5866.0,5676.0,-3.484,SL,0
A_눌림목,071970,HD현대마린엔진,2022-01-10,2022-01-10,5390.0,5215.0,-3.484,SL,0
A_눌림목,071970,HD현대마린엔진,2024-01-09,2024-01-17,11910.0,11918.0,-0.181,EXPIRE,8
A_눌림목,204320,HL만도,2024-06-11,2024-06-11,47000.0,45476.0,-3.484,SL,0
A_눌림목,031980,피에스케이홀딩스,2021-06-03,2021-06-08,12450.0,12046.0,-3.484,SL,5
A_눌림목,031980,피에스케이홀딩스,2021-12-27,2021-12-27,15450.0,16952.0,9.451,TP,0
A_눌림목,031980,피에스케이홀딩스,2022-01-03,2022-01-03,18000.0,17416.0,-3.484,SL,0
A_눌림목,031980,피에스케이홀딩스,2023-06-23,2023-06-23,16960.0,18609.0,9.451,TP,0
A_눌림목,031980,피에스케이홀딩스,2023-07-05,2023-07-05,23250.0,22496.0,-3.484,SL,0
A_눌림목,031980,피에스케이홀딩스,2023-08-02,2023-08-02,31550.0,30527.0,-3.484,SL,0
A_눌림목,031980,피에스케이홀딩스,2024-03-26,2024-04-01,46100.0,44605.0,-3.484,SL,6
A_눌림목,336260,두산퓨얼셀,2023-11-23,2023-11-24,20650.0,22658.0,9.451,TP,1
A_눌림목,336260,두산퓨얼셀,2024-12-04,2024-12-05,16710.0,16168.0,-3.484,SL,1
A_눌림목,004800,효성,2024-08-01,2024-08-02,45750.0,44267.0,-3.484,SL,1
A_눌림목,120110,코오롱인더,2021-09-02,2021-09-02,86700.0,83889.0,-3.484,SL,0
A_눌림목,120110,코오롱인더,2022-04-05,2022-04-07,61900.0,59893.0,-3.484,SL,2
B_상따,042700,한미반도체,2023-07-17,2023-07-17,45000.0,48030.0,6.466,TP,0
B_상따,042700,한미반도체,2024-02-14,2024-02-15,79400.0,76033.0,-4.479,SL,1
B_상따,298040,효성중공업,2023-08-02,2023-08-03,165300.0,176429.0,6.466,TP,1
B_상따,003670,포스코퓨처엠,2023-11-08,2023-11-09,297579.0,284961.0,-4.479,SL,1
B_상따,079550,LIG넥스원,2023-12-13,2023-12-13,131800.0,126212.0,-4.479,SL,0
B_상따,000250,삼천당제약,2022-12-01,2022-12-01,44900.0,47923.0,6.466,TP,0
B_상따,000250,삼천당제약,2023-03-29,2023-03-30,78500.0,83785.0,6.466,TP,1
B_상따,000250,삼천당제약,2023-08-28,2023-08-29,80800.0,86240.0,6.466,TP,1
B_상따,000250,삼천당제약,2024-03-27,2024-03-29,141200.0,135213.0,-4.479,SL,2
B_상따,000250,삼천당제약,2024-12-26,2024-12-26,141800.0,151347.0,6.466,TP,0
B_상따,047050,포스코인터내셔널,2023-07-26,2023-07-26,77000.0,82184.0,6.466,TP,0
B_상따,277810,레인보우로보틱스,2023-01-27,2023-01-31,77400.0,82611.0,6.466,TP,4
B_상따,277810,레인보우로보틱스,2023-03-20,2023-03-20,124000.0,118742.0,-4.479,SL,0
B_상따,277810,레인보우로보틱스,2023-09-04,2023-09-04,160300.0,171092.0,6.466,TP,0
B_상따,003230,삼양식품,2023-08-17,2023-08-21,174500.0,177676.0,1.566,EXPIRE,4
B_상따,950160,코오롱티슈진,2022-10-27,2022-10-27,19550.0,18721.0,-4.479,SL,0
B_상따,950160,코오롱티슈진,2024-03-25,2024-03-26,15280.0,14632.0,-4.479,SL,1
B_상따,950160,코오롱티슈진,2024-07-16,2024-07-16,20100.0,19248.0,-4.479,SL,0
B_상따,087010,펩트론,2023-07-21,2023-07-21,26166.0,27928.0,6.466,TP,0
B_상따,087010,펩트론,2024-12-16,2024-12-17,108800.0,104187.0,-4.479,SL,1
B_상따,028300,HLB,2023-02-22,2023-02-22,34908.0,33428.0,-4.479,SL,0
B_상따,028300,HLB,2024-07-05,2024-07-05,84100.0,89762.0,6.466,TP,0
B_상따,377300,카카오페이,2022-11-15,2022-11-15,63000.0,60329.0,-4.479,SL,0
B_상따,052690,한전기술,2022-11-03,2022-11-03,57000.0,60837.0,6.466,TP,0
B_상따,001440,대한전선,2021-06-08,2021-06-08,36781.0,35221.0,-4.479,SL,0
B_상따,001440,대한전선,2022-04-04,2022-04-05,17078.0,18228.0,6.466,TP,1
B_상따,450080,에코프로머티,2024-06-11,2024-06-13,130100.0,133033.0,1.999,EXPIRE,2
B_상따,036570,엔씨소프트,2021-11-15,2021-11-15,707000.0,677023.0,-4.479,SL,0
B_상따,022100,포스코DX,2023-04-19,2023-04-19,17500.0,16758.0,-4.479,SL,0
B_상따,108490,로보티즈,2021-12-15,2021-12-16,15386.0,16422.0,6.466,TP,1
B_상따,108490,로보티즈,2022-01-05,2022-01-05,33110.0,31706.0,-4.479,SL,0
B_상따,302440,SK바이오사이언스,2021-08-12,2021-08-12,293000.0,280577.0,-4.479,SL,0
B_상따,043260,성호전자,2023-05-09,2023-05-09,1657.0,1587.0,-4.479,SL,0
B_상따,036460,한국가스공사,2024-06-05,2024-06-05,39000.0,37346.0,-4.479,SL,0
B_상따,083650,비에이치아이,2021-06-09,2021-06-09,6530.0,6253.0,-4.479,SL,0
B_상따,083650,비에이치아이,2023-07-17,2023-07-17,11040.0,10572.0,-4.479,SL,0
B_상따,009420,한올바이오파마,2023-10-05,2023-10-05,33800.0,32367.0,-4.479,SL,0
B_상따,457190,이수스페셜티케미컬,2023-09-01,2023-09-01,57000.0,54583.0,-4.479,SL,0
B_상따,457190,이수스페셜티케미컬,2023-12-04,2023-12-04,39480.0,37806.0,-4.479,SL,0
B_상따,457190,이수스페셜티케미컬,2024-02-08,2024-02-08,49800.0,47688.0,-4.479,SL,0
B_상따,457190,이수스페셜티케미컬,2024-08-22,2024-08-22,49200.0,47114.0,-4.479,SL,0
B_상따,008930,한미사이언스,2024-01-18,2024-01-18,51000.0,48838.0,-4.479,SL,0
B_상따,001430,세아베스틸지주,2023-03-02,2023-03-03,22100.0,23588.0,6.466,TP,1
B_상따,068760,셀트리온제약,2024-01-04,2024-01-04,120001.0,114913.0,-4.479,SL,0
B_상따,257720,실리콘투,2022-06-28,2022-06-28,3233.0,3451.0,6.466,TP,0
B_상따,257720,실리콘투,2022-10-27,2022-10-28,2425.0,2322.0,-4.479,SL,1
B_상따,257720,실리콘투,2024-05-14,2024-05-14,25600.0,24515.0,-4.479,SL,0
B_상따,347700,스피어,2021-12-02,2021-12-02,9658.0,9248.0,-4.479,SL,0
B_상따,347700,스피어,2024-02-19,2024-02-19,2770.0,2653.0,-4.479,SL,0
B_상따,347700,스피어,2024-12-16,2024-12-16,5240.0,5018.0,-4.479,SL,0
B_상따,071970,HD현대마린엔진,2021-05-04,2021-05-04,12700.0,12162.0,-4.479,SL,0
B_상따,071970,HD현대마린엔진,2021-07-01,2021-07-01,8390.0,8955.0,6.466,TP,0
B_상따,031980,피에스케이홀딩스,2021-04-21,2021-04-21,13600.0,13023.0,-4.479,SL,0
B_상따,000240,한국앤컴퍼니,2023-12-07,2023-12-07,21000.0,22414.0,6.466,TP,0
C_갭모멘텀,000660,SK하이닉스,2021-11-23,2021-11-25,119500.0,117089.0,-2.262,EXPIRE,2
C_갭모멘텀,000660,SK하이닉스,2023-04-10,2023-04-12,88700.0,89984.0,1.195,EXPIRE,2
C_갭모멘텀,000660,SK하이닉스,2023-05-30,2023-05-30,113200.0,109529.0,-3.484,SL,0
C_갭모멘텀,000660,SK하이닉스,2024-03-22,2024-03-26,169000.0,178692.0,5.471,TP,4
C_갭모멘텀,005380,현대차,2024-02-05,2024-02-05,233500.0,225929.0,-3.484,SL,0
C_갭모멘텀,373220,LG에너지솔루션,2023-11-07,2023-11-07,488500.0,472660.0,-3.484,SL,0
C_갭모멘텀,207940,삼성바이오로직스,2021-05-17,2021-05-17,1352702.0,1308839.0,-3.484,SL,0
C_갭모멘텀,207940,삼성바이오로직스,2024-01-30,2024-02-01,1177395.0,1215809.0,3.005,EXPIRE,2
C_갭모멘텀,012450,한화에어로스페이스,2024-06-04,2024-06-04,224103.0,216836.0,-3.484,SL,0
C_갭모멘텀,034020,두산에너빌리티,2021-06-01,2021-06-01,19496.0,18864.0,-3.484,SL,0
C_갭모멘텀,034020,두산에너빌리티,2021-06-08,2021-06-08,30789.0,29791.0,-3.484,SL,0
C_갭모멘텀,034020,두산에너빌리티,2021-10-26,2021-10-28,24564.0,23767.0,-3.484,SL,2
C_갭모멘텀,034020,두산에너빌리티,2022-06-24,2022-06-24,16950.0,16400.0,-3.484,SL,0
C_갭모멘텀,034020,두산에너빌리티,2022-10-21,2022-10-21,14000.0,13546.0,-3.484,SL,0
C_갭모멘텀,034020,두산에너빌리티,2022-11-02,2022-11-02,15400.0,14901.0,-3.484,SL,0
C_갭모멘텀,034020,두산에너빌리티,2024-05-28,2024-05-28,21900.0,21190.0,-3.484,SL,0
C_갭모멘텀,034020,두산에너빌리티,2024-10-18,2024-10-18,20900.0,20222.0,-3.484,SL,0
C_갭모멘텀,000270,기아,2021-02-04,2021-02-04,100500.0,97241.0,-3.484,SL,0
C_갭모멘텀,000270,기아,2024-02-05,2024-02-05,119600.0,115722.0,-3.484,SL,0
C_갭모멘텀,105560,KB금융,2021-03-10,2021-03-12,51000.0,50224.0,-1.768,EXPIRE,2
C_갭모멘텀,105560,KB금융,2024-02-02,2024-02-02,62400.0,65979.0,5.471,TP,0
C_갭모멘텀,068270,셀트리온,2021-02-02,2021-02-02,321809.0,311374.0,-3.484,SL,0
C_갭모멘텀,068270,셀트리온,2021-11-16,2021-11-17,201783.0,195240.0,-3.484,SL,1
C_갭모멘텀,329180,HD현대중공업,2024-07-29,2024-07-31,207000.0,218871.0,5.471,TP,2
C_갭모멘텀,032830,삼성생명,2024-11-19,2024-11-21,105800.0,104234.0,-1.726,EXPIRE,2
C_갭모멘텀,028260,삼성물산,2022-03-11,2022-03-15,115000.0,113103.0,-1.895,EXPIRE,4
C_갭모멘텀,042660,한화오션,2024-03-19,2024-03-19,28950.0,28011.0,-3.484,SL,0
C_갭모멘텀,042660,한화오션,2024-11-11,2024-11-12,37550.0,36332.0,-3.484,SL,1
C_갭모멘텀,042660,한화오션,2024-12-24,2024-12-26,35800.0,37853.0,5.471,TP,2
C_갭모멘텀,006400,삼성SDI,2023-11-07,2023-11-07,484620.0,468906.0,-3.484,SL,0
C_갭모멘텀,009150,삼성전기,2022-11-10,2022-11-14,137000.0,139510.0,1.578,EXPIRE,4
C_갭모멘텀,035420,NAVER,2022-03-11,2022-03-15,330000.0,326355.0,-1.351,EXPIRE,4
C_갭모멘텀,035420,NAVER,2022-11-14,2022-11-14,194000.0,187709.0,-3.484,SL,0
C_갭모멘텀,035420,NAVER,2024-02-05,2024-02-05,220500.0,213350.0,-3.484,SL,0
C_갭모멘텀,267260,HD현대일렉트릭,2022-06-23,2022-06-23,22350.0,21625.0,-3.484,SL,0
C_갭모멘텀,010130,고려아연,2021-07-15,2021-07-19,486000.0,470241.0,-3.484,SL,4
C_갭모멘텀,010130,고려아연,2023-12-05,2023-12-07,521000.0,520174.0,-0.407,EXPIRE,2
C_갭모멘텀,010130,고려아연,2024-09-19,2024-09-20,679000.0,717940.0,5.471,TP,1
C_갭모멘텀,010130,고려아연,2024-10-07,2024-10-08,777000.0,751805.0,-3.484,SL,1
C_갭모멘텀,086790,하나금융지주,2024-02-05,2024-02-05,55800.0,53991.0,-3.484,SL,0
C_갭모멘텀,015760,한국전력,2021-12-29,2022-01-03,22550.0,22272.0,-1.48,EXPIRE,5
C_갭모멘텀,015760,한국전력,2022-03-02,2022-03-04,23250.0,23916.0,2.608,EXPIRE,2
C_갭모멘텀,005490,POSCO홀딩스,2023-04-04,2023-04-04,392000.0,379289.0,-3.484,SL,0
C_갭모멘텀,005490,POSCO홀딩스,2023-04-11,2023-04-12,402500.0,425583.0,5.471,TP,1
C_갭모멘텀,005490,POSCO홀딩스,2023-11-07,2023-11-07,510000.0,493463.0,-3.484,SL,0
C_갭모멘텀,009540,HD한국조선해양,2023-01-05,2023-01-09,74400.0,75734.0,1.539,EXPIRE,4
C_갭모멘텀,009540,HD한국조선해양,2024-07-29,2024-07-31,200000.0,206276.0,2.881,EXPIRE,2
C_갭모멘텀,042700,한미반도체,2021-04-06,2021-04-08,15175.0,16045.0,5.471,TP,2
C_갭모멘텀,042700,한미반도체,2021-10-18,2021-10-20,15600.0,15097.0,-3.466,EXPIRE,2
C_갭모멘텀,042700,한미반도체,2021-11-23,2021-11-24,19075.0,18456.0,-3.484,SL,1
C_갭모멘텀,042700,한미반도체,2022-04-15,2022-04-18,17200.0,16642.0,-3.484,SL,3
C_갭모멘텀,042700,한미반도체,2023-01-26,2023-01-30,13780.0,13851.0,0.267,EXPIRE,4
C_갭모멘텀,042700,한미반도체,2023-03-20,2023-03-22,16080.0,16113.0,-0.042,EXPIRE,2
C_갭모멘텀,042700,한미반도체,2023-07-17,2023-07-17,45000.0,47581.0,5.471,TP,0
C_갭모멘텀,042700,한미반도체,2024-03-05,2024-03-06,96000.0,92887.0,-3.484,SL,1
C_갭모멘텀,042700,한미반도체,2024-05-29,2024-05-31,166400.0,161004.0,-3.484,SL,2
C_갭모멘텀,042700,한미반도체,2024-09-27,2024-09-30,114200.0,110497.0,-3.484,SL,3
C_갭모멘텀,042700,한미반도체,2024-10-18,2024-10-18,113600.0,109916.0,-3.484,SL,0
C_갭모멘텀,298040,효성중공업,2021-08-31,2021-09-02,81400.0,78761.0,-3.484,SL,2
C_갭모멘텀,298040,효성중공업,2023-08-01,2023-08-01,174500.0,168842.0,-3.484,SL,0
C_갭모멘텀,298040,효성중공업,2024-05-20,2024-05-20,373000.0,394391.0,5.471,TP,0
C_갭모멘텀,272210,한화시스템,2023-10-11,2023-10-11,12490.0,12085.0,-3.484,SL,0
C_갭모멘텀,010120,LS ELECTRIC,2024-03-06,2024-03-08,78600.0,78923.0,0.161,EXPIRE,2
C_갭모멘텀,010120,LS ELECTRIC,2024-11-26,2024-11-26,150100.0,145233.0,-3.484,SL,0
C_갭모멘텀,034730,SK,2024-06-03,2024-06-03,176200.0,186305.0,5.471,TP,0
C_갭모멘텀,051910,LG화학,2024-02-05,2024-02-07,465500.0,461879.0,-1.025,EXPIRE,2
C_갭모멘텀,035720,카카오,2021-04-16,2021-04-20,115500.0,119082.0,2.844,EXPIRE,4
C_갭모멘텀,035720,카카오,2022-11-14,2022-11-15,59300.0,57377.0,-3.484,SL,1
C_갭모멘텀,035720,카카오,2023-03-14,2023-03-15,60600.0,58635.0,-3.484,SL,1
C_갭모멘텀,035720,카카오,2023-11-07,2023-11-07,44700.0,43251.0,-3.484,SL,0
C_갭모멘텀,035720,카카오,2024-02-16,2024-02-20,59500.0,58495.0,-1.935,EXPIRE,4
C_갭모멘텀,064350,현대로템,2022-11-18,2022-11-18,28350.0,27431.0,-3.484,SL,0
C_갭모멘텀,064350,현대로템,2024-02-23,2024-02-23,33950.0,32849.0,-3.484,SL,0
C_갭모멘텀,064350,현대로템,2024-06-18,2024-06-18,42450.0,41074.0,-3.484,SL,0
C_갭모멘텀,138040,메리츠금융지주,2021-06-21,2021-06-23,19000.0,18585.0,-2.429,EXPIRE,2
C_갭모멘텀,138040,메리츠금융지주,2024-02-26,2024-02-27,81300.0,85962.0,5.471,TP,1
C_갭모멘텀,096770,SK이노베이션,2021-04-02,2021-04-02,243035.0,235154.0,-3.484,SL,0
C_갭모멘텀,096770,SK이노베이션,2023-11-07,2023-11-07,153000.0,148039.0,-3.484,SL,0
C_갭모멘텀,096770,SK이노베이션,2024-06-21,2024-06-21,124800.0,120753.0,-3.484,SL,0
C_갭모멘텀,011200,HMM,2021-04-27,2021-04-27,37000.0,35800.0,-3.484,SL,0
C_갭모멘텀,011200,HMM,2022-11-24,2022-11-24,22400.0,21674.0,-3.484,SL,0
C_갭모멘텀,011200,HMM,2023-02-24,2023-02-28,22900.0,22471.0,-2.117,EXPIRE,4
C_갭모멘텀,003670,포스코퓨처엠,2023-07-25,2023-07-25,552509.0,534593.0,-3.484,SL,0
C_갭모멘텀,003670,포스코퓨처엠,2023-11-07,2023-11-07,337806.0,326852.0,-3.484,SL,0
C_갭모멘텀,003670,포스코퓨처엠,2024-04-25,2024-04-25,281100.0,271985.0,-3.484,SL,0
C_갭모멘텀,033780,KT&G,2024-11-11,2024-11-13,119400.0,122570.0,2.399,EXPIRE,2
C_갭모멘텀,066570,LG전자,2021-04-02,2021-04-05,159500.0,154328.0,-3.484,SL,3
C_갭모멘텀,066570,LG전자,2021-11-22,2021-11-23,133500.0,129171.0,-3.484,SL,1
C_갭모멘텀,000150,두산,2021-04-29,2021-04-29,61100.0,64604.0,5.471,TP,0
C_갭모멘텀,000150,두산,2021-06-08,2021-06-08,102500.0,99176.0,-3.484,SL,0
C_갭모멘텀,000150,두산,2022-03-02,2022-03-03,113500.0,120009.0,5.471,TP,1
C_갭모멘텀,000150,두산,2022-09-16,2022-09-16,80900.0,85540.0,5.471,TP,0
C_갭모멘텀,000150,두산,2023-02-28,2023-03-03,99500.0,101145.0,1.4,EXPIRE,3
C_갭모멘텀,000150,두산,2024-05-24,2024-05-24,193000.0,186742.0,-3.484,SL,0
C_갭모멘텀,000720,현대건설,2022-03-11,2022-03-15,48600.0,48231.0,-1.007,EXPIRE,4
C_갭모멘텀,000720,현대건설,2023-07-18,2023-07-18,39000.0,37735.0,-3.484,SL,0
C_갭모멘텀,079550,LIG넥스원,2021-05-25,2021-05-25,44150.0,46682.0,5.471,TP,0
C_갭모멘텀,079550,LIG넥스원,2021-11-18,2021-11-18,60400.0,58441.0,-3.484,SL,0
C_갭모멘텀,079550,LIG넥스원,2021-11-22,2021-11-22,63700.0,61634.0,-3.484,SL,0
C_갭모멘텀,079550,LIG넥스원,2022-03-03,2022-03-03,71800.0,69472.0,-3.484,SL,0
C_갭모멘텀,079550,LIG넥스원,2023-12-12,2023-12-12,126000.0,133226.0,5.471,TP,0
C_갭모멘텀,079550,LIG넥스원,2024-07-16,2024-07-18,235500.0,227864.0,-3.484,SL,2
C_갭모멘텀,079550,LIG넥스원,2024-09-12,2024-09-19,204000.0,205778.0,0.62,EXPIRE,7
C_갭모멘텀,000250,삼천당제약,2022-11-30,2022-11-30,45100.0,43638.0,-3.484,SL,0
C_갭모멘텀,000250,삼천당제약,2023-03-28,2023-03-28,78500.0,75955.0,-3.484,SL,0
C_갭모멘텀,000250,삼천당제약,2023-08-25,2023-08-25,78700.0,76148.0,-3.484,SL,0
C_갭모멘텀,000250,삼천당제약,2023-08-30,2023-09-01,85600.0,90509.0,5.471,TP,2
C_갭모멘텀,000250,삼천당제약,2024-03-26,2024-03-26,118100.0,124873.0,5.471,TP,0
C_갭모멘텀,000250,삼천당제약,2024-06-03,2024-06-04,117800.0,124556.0,5.471,TP,1
C_갭모멘텀,000250,삼천당제약,2024-06-20,2024-06-21,161600.0,156360.0,-3.484,SL,1
C_갭모멘텀,000250,삼천당제약,2024-12-24,2024-12-24,163900.0,158585.0,-3.484,SL,0
C_갭모멘텀,017670,SK텔레콤,2021-08-13,2021-08-17,54090.0,52336.0,-3.484,SL,4
C_갭모멘텀,086280,현대글로비스,2022-01-07,2022-01-11,91535.0,88567.0,-3.484,SL,4
C_갭모멘텀,086280,현대글로비스,2022-03-21,2022-03-23,91036.0,92461.0,1.313,EXPIRE,2
C_갭모멘텀,086280,현대글로비스,2024-07-02,2024-07-02,119296.0,115428.0,-3.484,SL,0
C_갭모멘텀,003550,LG,2021-04-16,2021-04-20,102968.0,104020.0,0.77,EXPIRE,4
C_갭모멘텀,003550,LG,2022-05-31,2022-06-03,81900.0,79820.0,-2.783,EXPIRE,3
C_갭모멘텀,047050,포스코인터내셔널,2021-09-29,2021-10-01,24400.0,23609.0,-3.484,SL,2
C_갭모멘텀,047050,포스코인터내셔널,2022-03-08,2022-03-08,23000.0,22254.0,-3.484,SL,0
C_갭모멘텀,047050,포스코인터내셔널,2023-04-17,2023-04-17,27450.0,29024.0,5.471,TP,0
C_갭모멘텀,047050,포스코인터내셔널,2023-07-26,2023-07-26,77000.0,74503.0,-3.484,SL,0
C_갭모멘텀,047050,포스코인터내셔널,2023-08-01,2023-08-01,93900.0,90855.0,-3.484,SL,0
C_갭모멘텀,047050,포스코인터내셔널,2023-11-07,2023-11-07,64900.0,62796.0,-3.484,SL,0
C_갭모멘텀,278470,에이피알,2024-06-17,2024-06-19,77300.0,74793.0,-3.484,SL,2
C_갭모멘텀,010950,S-Oil,2021-02-16,2021-02-16,89400.0,86501.0,-3.484,SL,0
C_갭모멘텀,010950,S-Oil,2022-01-10,2022-01-11,98000.0,94822.0,-3.484,SL,1
C_갭모멘텀,259960,크래프톤,2022-11-14,2022-11-15,225000.0,217704.0,-3.484,SL,1
C_갭모멘텀,259960,크래프톤,2023-02-09,2023-02-09,190300.0,184129.0,-3.484,SL,0
C_갭모멘텀,259960,크래프톤,2023-11-09,2023-11-13,189000.0,193222.0,1.979,EXPIRE,4
C_갭모멘텀,259960,크래프톤,2024-08-14,2024-08-19,330000.0,319299.0,-3.484,SL,5
C_갭모멘텀,323410,카카오뱅크,2022-11-14,2022-11-14,28050.0,29659.0,5.471,TP,0
C_갭모멘텀,323410,카카오뱅크,2023-05-04,2023-05-04,24000.0,23222.0,-3.484,SL,0
C_갭모멘텀,323410,카카오뱅크,2023-11-07,2023-11-07,24300.0,23512.0,-3.484,SL,0
C_갭모멘텀,039490,키움증권,2021-06-23,2021-06-25,128500.0,129545.0,0.562,EXPIRE,2
C_갭모멘텀,039490,키움증권,2022-02-04,2022-02-08,92800.0,91977.0,-1.134,EXPIRE,4
C_갭모멘텀,039490,키움증권,2023-10-12,2023-10-12,106400.0,102950.0,-3.484,SL,0
C_갭모멘텀,277810,레인보우로보틱스,2021-12-28,2021-12-28,25900.0,25060.0,-3.484,SL,0
C_갭모멘텀,277810,레인보우로보틱스,2023-01-04,2023-01-04,42550.0,44990.0,5.471,TP,0
C_갭모멘텀,277810,레인보우로보틱스,2023-03-17,2023-03-17,114200.0,120749.0,5.471,TP,0
C_갭모멘텀,277810,레인보우로보틱스,2023-11-07,2023-11-07,171700.0,166132.0,-3.484,SL,0
C_갭모멘텀,307950,현대오토에버,2021-10-12,2021-10-14,109500.0,113103.0,3.033,EXPIRE,2
C_갭모멘텀,307950,현대오토에버,2023-04-13,2023-04-13,129800.0,125591.0,-3.484,SL,0
C_갭모멘텀,298380,에이비엘바이오,2022-01-13,2022-01-13,28850.0,27915.0,-3.484,SL,0
C_갭모멘텀,298380,에이비엘바이오,2022-11-14,2022-11-14,21700.0,20996.0,-3.484,SL,0
C_갭모멘텀,298380,에이비엘바이오,2023-11-07,2023-11-09,18390.0,18585.0,0.807,EXPIRE,2
C_갭모멘텀,298380,에이비엘바이오,2023-12-27,2023-12-27,24850.0,24044.0,-3.484,SL,0
C_갭모멘텀,298380,에이비엘바이오,2024-07-04,2024-07-04,27200.0,28760.0,5.471,TP,0
C_갭모멘텀,003230,삼양식품,2022-02-10,2022-02-11,97100.0,93951.0,-3.484,SL,1
C_갭모멘텀,003230,삼양식품,2022-06-17,2022-06-20,93900.0,99285.0,5.471,TP,3
C_갭모멘텀,003230,삼양식품,2022-08-17,2022-08-19,115000.0,115096.0,-0.166,EXPIRE,2
C_갭모멘텀,003230,삼양식품,2023-08-16,2023-08-16,179200.0,173389.0,-3.484,SL,0
C_갭모멘텀,003230,삼양식품,2024-03-05,2024-03-07,189400.0,194318.0,2.341,EXPIRE,2
C_갭모멘텀,003230,삼양식품,2024-05-21,2024-05-21,507000.0,490560.0,-3.484,SL,0
C_갭모멘텀,950160,코오롱티슈진,2024-03-22,2024-03-22,16900.0,16352.0,-3.484,SL,0
C_갭모멘텀,950160,코오롱티슈진,2024-07-15,2024-07-15,18490.0,19550.0,5.471,TP,0
C_갭모멘텀,950160,코오롱티슈진,2024-12-03,2024-12-03,20500.0,19835.0,-3.484,SL,0
C_갭모멘텀,003490,대한항공,2022-11-07,2022-11-09,24000.0,24614.0,2.301,EXPIRE,2
C_갭모멘텀,003490,대한항공,2022-11-14,2022-11-14,26500.0,25641.0,-3.484,SL,0
C_갭모멘텀,016360,삼성증권,2021-05-11,2021-05-12,46300.0,44799.0,-3.484,SL,1
C_갭모멘텀,006260,LS,2022-10-11,2022-10-12,60100.0,58151.0,-3.484,SL,1
C_갭모멘텀,006260,LS,2023-04-12,2023-04-12,84200.0,89029.0,5.471,TP,0
C_갭모멘텀,006260,LS,2023-06-19,2023-06-19,98000.0,94822.0,-3.484,SL,0
C_갭모멘텀,006260,LS,2024-05-14,2024-05-14,153100.0,148136.0,-3.484,SL,0
C_갭모멘텀,005387,현대차2우B,2023-04-27,2023-04-28,112800.0,109142.0,-3.484,SL,1
C_갭모멘텀,005387,현대차2우B,2024-08-30,2024-09-02,189300.0,183162.0,-3.484,SL,3
C_갭모멘텀,000880,한화,2024-02-05,2024-02-05,31100.0,30092.0,-3.484,SL,0
C_갭모멘텀,000880,한화,2024-07-08,2024-07-10,29300.0,28749.0,-2.125,EXPIRE,2
C_갭모멘텀,090430,아모레퍼시픽,2022-04-29,2022-05-03,180000.0,174163.0,-3.484,SL,4
C_갭모멘텀,090430,아모레퍼시픽,2023-02-03,2023-02-07,150700.0,148579.0,-1.654,EXPIRE,4
C_갭모멘텀,090430,아모레퍼시픽,2023-11-01,2023-11-02,128100.0,135446.0,5.471,TP,1
C_갭모멘텀,090430,아모레퍼시픽,2024-05-02,2024-05-07,172400.0,166810.0,-3.484,SL,5
C_갭모멘텀,011070,LG이노텍,2022-01-17,2022-01-17,375000.0,362840.0,-3.484,SL,0
C_갭모멘텀,011070,LG이노텍,2022-08-26,2022-08-29,339000.0,328008.0,-3.484,SL,3
C_갭모멘텀,011070,LG이노텍,2022-09-14,2022-09-16,349500.0,338167.0,-3.484,SL,2
C_갭모멘텀,011070,LG이노텍,2022-11-14,2022-11-16,320000.0,316888.0,-1.22,EXPIRE,2
C_갭모멘텀,047040,대우건설,2022-03-11,2022-03-14,7010.0,7412.0,5.471,TP,3
C_갭모멘텀,047040,대우건설,2023-11-07,2023-11-09,4175.0,4106.0,-1.908,EXPIRE,2
C_갭모멘텀,007660,이수페타시스,2021-04-23,2021-04-27,3480.0,3367.0,-3.484,SL,4
C_갭모멘텀,007660,이수페타시스,2021-08-25,2021-08-27,3502.0,3703.0,5.471,TP,2
C_갭모멘텀,007660,이수페타시스,2022-11-14,2022-11-14,5737.0,5551.0,-3.484,SL,0
C_갭모멘텀,007660,이수페타시스,2023-01-31,2023-01-31,7264.0,7681.0,5.471,TP,0
C_갭모멘텀,007660,이수페타시스,2023-05-22,2023-05-22,10075.0,10653.0,5.471,TP,0
C_갭모멘텀,007660,이수페타시스,2023-05-26,2023-05-30,12895.0,13635.0,5.471,TP,4
C_갭모멘텀,007660,이수페타시스,2023-07-17,2023-07-18,36226.0,38304.0,5.471,TP,1
C_갭모멘텀,007660,이수페타시스,2023-11-16,2023-11-20,30342.0,29358.0,-3.484,SL,4
C_갭모멘텀,007660,이수페타시스,2024-01-23,2024-01-23,33065.0,31993.0,-3.484,SL,0
C_갭모멘텀,007660,이수페타시스,2024-05-17,2024-05-17,49209.0,47613.0,-3.484,SL,0
C_갭모멘텀,007660,이수페타시스,2024-06-14,2024-06-14,50084.0,48460.0,-3.484,SL,0
C_갭모멘텀,007660,이수페타시스,2024-10-16,2024-10-16,39775.0,42056.0,5.471,TP,0
C_갭모멘텀,007660,이수페타시스,2024-12-04,2024-12-04,25673.0,24841.0,-3.484,SL,0
C_갭모멘텀,000100,유한양행,2024-03-12,2024-03-14,77300.0,74793.0,-3.484,SL,2
C_갭모멘텀,000100,유한양행,2024-08-27,2024-08-28,111700.0,118106.0,5.471,TP,1
C_갭모멘텀,087010,펩트론,2023-07-20,2023-07-20,25923.0,25082.0,-3.484,SL,0
C_갭모멘텀,087010,펩트론,2023-08-10,2023-08-10,33676.0,32584.0,-3.484,SL,0
C_갭모멘텀,087010,펩트론,2023-09-11,2023-09-11,39346.0,41602.0,5.471,TP,0
C_갭모멘텀,087010,펩트론,2023-11-08,2023-11-08,30333.0,32073.0,5.471,TP,0
C_갭모멘텀,087010,펩트론,2024-05-03,2024-05-08,29461.0,29696.0,0.546,EXPIRE,5
C_갭모멘텀,087010,펩트론,2024-10-10,2024-10-10,63500.0,61441.0,-3.484,SL,0
C_갭모멘텀,087010,펩트론,2024-10-17,2024-10-17,98300.0,103937.0,5.471,TP,0
C_갭모멘텀,128940,한미약품,2021-12-08,2021-12-10,261340.0,264196.0,0.841,EXPIRE,2
C_갭모멘텀,128940,한미약품,2023-08-10,2023-08-14,319358.0,313841.0,-1.972,EXPIRE,4
C_갭모멘텀,028300,HLB,2021-02-02,2021-02-03,43286.0,41882.0,-3.484,SL,1
C_갭모멘텀,028300,HLB,2022-05-16,2022-05-16,40362.0,39053.0,-3.484,SL,0
C_갭모멘텀,028300,HLB,2022-05-19,2022-05-19,44488.0,43045.0,-3.484,SL,0
C_갭모멘텀,028300,HLB,2022-09-13,2022-09-13,49332.0,47732.0,-3.484,SL,0
C_갭모멘텀,028300,HLB,2023-02-21,2023-02-21,36339.0,35161.0,-3.484,SL,0
C_갭모멘텀,028300,HLB,2023-11-07,2023-11-07,33400.0,32317.0,-3.484,SL,0
C_갭모멘텀,028300,HLB,2024-07-04,2024-07-04,78400.0,75858.0,-3.484,SL,0
C_갭모멘텀,267270,HD건설기계,2022-07-06,2022-07-06,44400.0,42960.0,-3.484,SL,0
C_갭모멘텀,267270,HD건설기계,2023-06-07,2023-06-07,64200.0,62118.0,-3.484,SL,0
C_갭모멘텀,267270,HD건설기계,2023-09-19,2023-09-21,79300.0,76729.0,-3.484,SL,2
C_갭모멘텀,267270,HD건설기계,2024-02-06,2024-02-06,55900.0,54087.0,-3.484,SL,0
C_갭모멘텀,161390,한국타이어앤테크놀로지,2021-02-09,2021-02-15,49250.0,47653.0,-3.484,SL,6
C_갭모멘텀,161390,한국타이어앤테크놀로지,2022-08-04,2022-08-08,38550.0,38714.0,0.175,EXPIRE,4
C_갭모멘텀,161390,한국타이어앤테크놀로지,2023-02-06,2023-02-08,36250.0,37219.0,2.418,EXPIRE,2
C_갭모멘텀,161390,한국타이어앤테크놀로지,2023-11-03,2023-11-03,42000.0,40638.0,-3.484,SL,0
C_갭모멘텀,377300,카카오페이,2022-11-14,2022-11-14,59500.0,62912.0,5.471,TP,0
C_갭모멘텀,377300,카카오페이,2023-11-07,2023-11-07,43950.0,42525.0,-3.484,SL,0
C_갭모멘텀,009830,한화솔루션,2022-07-29,2022-08-02,53709.0,54827.0,1.826,EXPIRE,4
C_갭모멘텀,009830,한화솔루션,2023-11-02,2023-11-02,30300.0,29317.0,-3.484,SL,0
C_갭모멘텀,009830,한화솔루션,2023-11-16,2023-11-16,33500.0,32414.0,-3.484,SL,0
C_갭모멘텀,009830,한화솔루션,2023-12-18,2023-12-18,35500.0,34349.0,-3.484,SL,0
C_갭모멘텀,009830,한화솔루션,2023-12-21,2023-12-21,36700.0,38805.0,5.471,TP,0
C_갭모멘텀,009830,한화솔루션,2024-05-08,2024-05-10,28250.0,28699.0,1.337,EXPIRE,2
C_갭모멘텀,009830,한화솔루션,2024-05-24,2024-05-24,31700.0,30672.0,-3.484,SL,0
C_갭모멘텀,009830,한화솔루션,2024-05-28,2024-05-28,34150.0,33043.0,-3.484,SL,0
C_갭모멘텀,009830,한화솔루션,2024-08-16,2024-08-19,28500.0,27576.0,-3.484,SL,3
C_갭모멘텀,052690,한전기술,2021-10-26,2021-10-28,72100.0,69762.0,-3.484,SL,2
C_갭모멘텀,052690,한전기술,2021-11-05,2021-11-05,87600.0,84759.0,-3.484,SL,0
C_갭모멘텀,052690,한전기술,2022-03-04,2022-03-04,92600.0,89597.0,-3.484,SL,0
C_갭모멘텀,052690,한전기술,2022-10-21,2022-10-21,55200.0,53410.0,-3.484,SL,0
C_갭모멘텀,052690,한전기술,2022-11-02,2022-11-02,63000.0,60957.0,-3.484,SL,0
C_갭모멘텀,052690,한전기술,2023-03-10,2023-03-13,71900.0,69569.0,-3.484,SL,3
C_갭모멘텀,052690,한전기술,2023-04-18,2023-04-18,84300.0,81566.0,-3.484,SL,0
C_갭모멘텀,241560,두산밥캣,2021-02-10,2021-02-15,34000.0,35950.0,5.471,TP,5
C_갭모멘텀,241560,두산밥캣,2021-11-10,2021-11-11,44300.0,42864.0,-3.484,SL,1
C_갭모멘텀,241560,두산밥캣,2023-04-28,2023-05-02,51300.0,49637.0,-3.484,SL,4
C_갭모멘텀,066970,엘앤에프,2021-02-04,2021-02-08,81366.0,78728.0,-3.484,SL,4
C_갭모멘텀,066970,엘앤에프,2021-04-13,2021-04-13,92330.0,89336.0,-3.484,SL,0
C_갭모멘텀,066970,엘앤에프,2021-07-14,2021-07-14,110500.0,116837.0,5.471,TP,0
C_갭모멘텀,066970,엘앤에프,2021-09-27,2021-09-28,191900.0,185677.0,-3.484,SL,1
C_갭모멘텀,066970,엘앤에프,2023-02-15,2023-02-15,251000.0,242861.0,-3.484,SL,0
C_갭모멘텀,066970,엘앤에프,2023-03-02,2023-03-02,269000.0,260277.0,-3.484,SL,0
C_갭모멘텀,066970,엘앤에프,2023-03-28,2023-03-28,295500.0,285918.0,-3.484,SL,0
C_갭모멘텀,066970,엘앤에프,2023-11-07,2023-11-07,178000.0,172228.0,-3.484,SL,0
C_갭모멘텀,066970,엘앤에프,2023-12-05,2023-12-05,185900.0,179872.0,-3.484,SL,0
C_갭모멘텀,066970,엘앤에프,2024-07-04,2024-07-04,151700.0,146781.0,-3.484,SL,0
C_갭모멘텀,066970,엘앤에프,2024-10-08,2024-10-10,118600.0,114754.0,-3.484,SL,2
C_갭모멘텀,310210,보로노이,2023-08-14,2023-08-14,72924.0,70559.0,-3.484,SL,0
C_갭모멘텀,310210,보로노이,2023-10-24,2023-10-24,34000.0,32898.0,-3.484,SL,0
C_갭모멘텀,310210,보로노이,2024-06-24,2024-06-24,51000.0,49346.0,-3.484,SL,0
C_갭모멘텀,310210,보로노이,2024-08-27,2024-08-27,87200.0,84372.0,-3.484,SL,0
C_갭모멘텀,001040,CJ,2024-08-19,2024-08-19,130900.0,126655.0,-3.484,SL,0
C_갭모멘텀,005385,현대차우,2023-04-27,2023-05-02,107900.0,108121.0,-0.046,EXPIRE,5
C_갭모멘텀,034220,LG디스플레이,2022-10-06,2022-10-07,12477.0,13193.0,5.471,TP,1
C_갭모멘텀,034220,LG디스플레이,2023-04-14,2023-04-14,15647.0,15140.0,-3.484,SL,0
C_갭모멘텀,034220,LG디스플레이,2023-11-07,2023-11-08,12773.0,12359.0,-3.484,SL,1
C_갭모멘텀,001440,대한전선,2021-06-01,2021-06-01,18195.0,17605.0,-3.484,SL,0
C_갭모멘텀,001440,대한전선,2021-06-04,2021-06-04,22473.0,23762.0,5.471,TP,0
C_갭모멘텀,001440,대한전선,2021-06-08,2021-06-08,36781.0,35588.0,-3.484,SL,0
C_갭모멘텀,001440,대한전선,2023-11-07,2023-11-07,11318.0,10951.0,-3.484,SL,0
C_갭모멘텀,001440,대한전선,2024-04-08,2024-04-09,12790.0,13523.0,5.471,TP,1
C_갭모멘텀,001440,대한전선,2024-05-21,2024-05-21,19890.0,19245.0,-3.484,SL,0
C_갭모멘텀,001440,대한전선,2024-10-07,2024-10-07,13330.0,12898.0,-3.484,SL,0
C_갭모멘텀,454910,두산로보틱스,2023-11-27,2023-11-27,76700.0,81099.0,5.471,TP,0
C_갭모멘텀,454910,두산로보틱스,2024-07-15,2024-07-15,103600.0,100241.0,-3.484,SL,0
C_갭모멘텀,271560,오리온,2022-06-16,2022-06-17,101500.0,107321.0,5.471,TP,1
C_갭모멘텀,214370,케어젠,2022-12-05,2022-12-06,24740.0,26159.0,5.471,TP,1
C_갭모멘텀,214370,케어젠,2023-06-19,2023-06-19,45000.0,43541.0,-3.484,SL,0
C_갭모멘텀,214370,케어젠,2023-08-30,2023-08-30,38450.0,37203.0,-3.484,SL,0
C_갭모멘텀,214370,케어젠,2024-11-21,2024-11-21,20850.0,20174.0,-3.484,SL,0
C_갭모멘텀,450080,에코프로머티,2024-02-14,2024-02-14,202500.0,195934.0,-3.484,SL,0
C_갭모멘텀,450080,에코프로머티,2024-06-10,2024-06-10,127300.0,123172.0,-3.484,SL,0
C_갭모멘텀,450080,에코프로머티,2024-08-12,2024-08-14,84000.0,83407.0,-0.953,EXPIRE,2
C_갭모멘텀,036570,엔씨소프트,2022-05-16,2022-05-16,445000.0,430570.0,-3.484,SL,0
C_갭모멘텀,036570,엔씨소프트,2022-11-14,2022-11-14,462000.0,447019.0,-3.484,SL,0
C_갭모멘텀,022100,포스코DX,2023-04-18,2023-04-18,16620.0,17573.0,5.471,TP,0
C_갭모멘텀,022100,포스코DX,2023-06-21,2023-06-22,14700.0,15543.0,5.471,TP,1
C_갭모멘텀,022100,포스코DX,2023-07-12,2023-07-12,19930.0,19284.0,-3.484,SL,0
C_갭모멘텀,022100,포스코DX,2023-11-07,2023-11-07,63500.0,61441.0,-3.484,SL,0
C_갭모멘텀,004020,현대제철,2022-09-14,2022-09-14,35850.0,34688.0,-3.484,SL,0
C_갭모멘텀,002380,KCC,2021-08-25,2021-08-25,340000.0,359499.0,5.471,TP,0
C_갭모멘텀,002380,KCC,2021-09-07,2021-09-09,449000.0,446931.0,-0.709,EXPIRE,2
C_갭모멘텀,002380,KCC,2022-01-05,2022-01-06,385000.0,407079.0,5.471,TP,1
C_갭모멘텀,002380,KCC,2022-08-02,2022-08-04,301000.0,291240.0,-3.484,SL,2
C_갭모멘텀,002380,KCC,2023-04-25,2023-04-25,234500.0,226896.0,-3.484,SL,0
C_갭모멘텀,002380,KCC,2024-07-16,2024-07-16,336000.0,325105.0,-3.484,SL,0
C_갭모멘텀,353200,대덕전자,2021-04-20,2021-04-20,16400.0,17341.0,5.471,TP,0
C_갭모멘텀,353200,대덕전자,2022-02-28,2022-03-02,25050.0,24238.0,-3.484,SL,2
C_갭모멘텀,353200,대덕전자,2022-11-14,2022-11-14,25300.0,24480.0,-3.484,SL,0
C_갭모멘텀,353200,대덕전자,2023-07-17,2023-07-19,37550.0,36332.0,-3.484,SL,2
C_갭모멘텀,353200,대덕전자,2024-04-02,2024-04-02,27900.0,26995.0,-3.484,SL,0
C_갭모멘텀,062040,산일전기,2024-11-07,2024-11-07,54300.0,57414.0,5.471,TP,0
C_갭모멘텀,251270,넷마블,2022-11-14,2022-11-15,49350.0,52180.0,5.471,TP,1
C_갭모멘텀,251270,넷마블,2023-01-02,2023-01-02,59700.0,57764.0,-3.484,SL,0
C_갭모멘텀,251270,넷마블,2023-09-12,2023-09-12,46700.0,49378.0,5.471,TP,0
C_갭모멘텀,251270,넷마블,2023-11-07,2023-11-07,46000.0,44508.0,-3.484,SL,0
C_갭모멘텀,251270,넷마블,2024-05-13,2024-05-13,69100.0,66859.0,-3.484,SL,0
C_갭모멘텀,088350,한화생명,2024-02-05,2024-02-05,3605.0,3488.0,-3.484,SL,0
C_갭모멘텀,226950,올릭스,2022-08-05,2022-08-05,22600.0,23896.0,5.471,TP,0
C_갭모멘텀,226950,올릭스,2022-09-29,2022-09-29,20100.0,19448.0,-3.484,SL,0
C_갭모멘텀,226950,올릭스,2022-11-14,2022-11-14,21850.0,21141.0,-3.484,SL,0
C_갭모멘텀,226950,올릭스,2023-09-07,2023-09-07,23550.0,22786.0,-3.484,SL,0
C_갭모멘텀,226950,올릭스,2024-01-08,2024-01-08,15980.0,15462.0,-3.484,SL,0
C_갭모멘텀,226950,올릭스,2024-07-23,2024-07-24,15700.0,15191.0,-3.484,SL,1
C_갭모멘텀,018880,한온시스템,2021-03-03,2021-03-04,16081.0,17003.0,5.471,TP,1
C_갭모멘텀,018880,한온시스템,2021-03-23,2021-03-24,17243.0,16684.0,-3.484,SL,1
C_갭모멘텀,018880,한온시스템,2021-12-02,2021-12-06,12641.0,12829.0,1.234,EXPIRE,4
C_갭모멘텀,108490,로보티즈,2021-12-14,2021-12-14,15678.0,15170.0,-3.484,SL,0
C_갭모멘텀,108490,로보티즈,2021-12-28,2021-12-28,21959.0,21247.0,-3.484,SL,0
C_갭모멘텀,108490,로보티즈,2022-02-28,2022-03-03,25076.0,25765.0,2.49,EXPIRE,3
C_갭모멘텀,108490,로보티즈,2022-06-10,2022-06-13,22397.0,21671.0,-3.484,SL,3
C_갭모멘텀,108490,로보티즈,2022-07-19,2022-07-21,19330.0,20439.0,5.471,TP,2
C_갭모멘텀,108490,로보티즈,2023-02-23,2023-02-23,29847.0,31559.0,5.471,TP,0
C_갭모멘텀,108490,로보티즈,2023-02-28,2023-02-28,39147.0,37878.0,-3.484,SL,0
C_갭모멘텀,108490,로보티즈,2023-03-20,2023-03-20,40608.0,39291.0,-3.484,SL,0
C_갭모멘텀,108490,로보티즈,2023-12-12,2023-12-12,27900.0,26995.0,-3.484,SL,0
C_갭모멘텀,051900,LG생활건강,2023-08-11,2023-08-11,504000.0,487657.0,-3.484,SL,0
C_갭모멘텀,032820,우리기술,2021-02-08,2021-02-08,1305.0,1380.0,5.471,TP,0
C_갭모멘텀,032820,우리기술,2021-02-18,2021-02-18,1430.0,1384.0,-3.484,SL,0
C_갭모멘텀,032820,우리기술,2021-06-08,2021-06-08,2620.0,2535.0,-3.484,SL,0
C_갭모멘텀,032820,우리기술,2022-03-02,2022-03-03,2115.0,2236.0,5.471,TP,1
C_갭모멘텀,032820,우리기술,2022-03-17,2022-03-17,2580.0,2496.0,-3.484,SL,0
C_갭모멘텀,032820,우리기술,2022-05-23,2022-05-23,2510.0,2429.0,-3.484,SL,0
C_갭모멘텀,032820,우리기술,2022-06-09,2022-06-13,2410.0,2332.0,-3.484,SL,4
C_갭모멘텀,032820,우리기술,2022-10-21,2022-10-25,1385.0,1340.0,-3.484,SL,4
C_갭모멘텀,032820,우리기술,2023-07-12,2023-07-12,1595.0,1543.0,-3.484,SL,0
C_갭모멘텀,032820,우리기술,2023-09-20,2023-09-20,1493.0,1445.0,-3.484,SL,0
C_갭모멘텀,032820,우리기술,2024-05-24,2024-05-27,2220.0,2347.0,5.471,TP,3
C_갭모멘텀,032820,우리기술,2024-07-10,2024-07-10,2925.0,2830.0,-3.484,SL,0
C_갭모멘텀,032820,우리기술,2024-09-02,2024-09-02,2335.0,2259.0,-3.484,SL,0
C_갭모멘텀,032820,우리기술,2024-09-20,2024-09-20,2575.0,2492.0,-3.484,SL,0
C_갭모멘텀,000990,DB하이텍,2021-11-16,2021-11-18,66100.0,67264.0,1.507,EXPIRE,2
C_갭모멘텀,000990,DB하이텍,2022-01-04,2022-01-05,77000.0,74503.0,-3.484,SL,1
C_갭모멘텀,000990,DB하이텍,2023-04-03,2023-04-04,73100.0,77292.0,5.471,TP,1
C_갭모멘텀,000990,DB하이텍,2024-06-21,2024-06-21,55900.0,54087.0,-3.484,SL,0
C_갭모멘텀,082740,한화엔진,2021-05-04,2021-05-04,9256.0,8956.0,-3.484,SL,0
C_갭모멘텀,082740,한화엔진,2024-07-18,2024-07-19,15280.0,14785.0,-3.484,SL,1
C_갭모멘텀,082740,한화엔진,2024-10-08,2024-10-11,14910.0,14519.0,-2.865,EXPIRE,3
C_갭모멘텀,011790,SKC,2021-09-10,2021-09-13,165000.0,174463.0,5.471,TP,3
C_갭모멘텀,011790,SKC,2021-11-22,2021-11-22,191000.0,184807.0,-3.484,SL,0
C_갭모멘텀,011790,SKC,2023-02-21,2023-02-23,96600.0,93468.0,-3.484,SL,2
C_갭모멘텀,011790,SKC,2023-04-03,2023-04-03,117000.0,113206.0,-3.484,SL,0
C_갭모멘텀,011790,SKC,2023-10-25,2023-10-25,74600.0,72181.0,-3.484,SL,0
C_갭모멘텀,011790,SKC,2023-11-07,2023-11-07,94200.0,91145.0,-3.484,SL,0
C_갭모멘텀,011790,SKC,2024-03-06,2024-03-08,94100.0,99497.0,5.471,TP,2
C_갭모멘텀,011790,SKC,2024-04-09,2024-04-09,140900.0,136331.0,-3.484,SL,0
C_갭모멘텀,011790,SKC,2024-12-17,2024-12-17,113000.0,109336.0,-3.484,SL,0
C_갭모멘텀,035250,강원랜드,2023-08-11,2023-08-16,16810.0,16265.0,-3.484,SL,5
C_갭모멘텀,035250,강원랜드,2023-11-07,2023-11-09,15570.0,15496.0,-0.726,EXPIRE,2
C_갭모멘텀,035250,강원랜드,2024-09-06,2024-09-06,17780.0,17203.0,-3.484,SL,0
C_갭모멘텀,012510,더존비즈온,2022-06-17,2022-06-17,31400.0,33201.0,5.471,TP,0
C_갭모멘텀,012510,더존비즈온,2022-11-14,2022-11-16,34550.0,35127.0,1.416,EXPIRE,2
C_갭모멘텀,012510,더존비즈온,2023-10-25,2023-10-25,30150.0,29172.0,-3.484,SL,0
C_갭모멘텀,012510,더존비즈온,2024-01-22,2024-01-22,45950.0,44460.0,-3.484,SL,0
C_갭모멘텀,012510,더존비즈온,2024-05-02,2024-05-02,58700.0,56797.0,-3.484,SL,0
C_갭모멘텀,012510,더존비즈온,2024-11-07,2024-11-08,62500.0,60473.0,-3.484,SL,1
C_갭모멘텀,111770,영원무역,2022-03-14,2022-03-15,43750.0,46259.0,5.471,TP,1
C_갭모멘텀,111770,영원무역,2024-06-12,2024-06-14,34950.0,33817.0,-3.484,SL,2
C_갭모멘텀,111770,영원무역,2024-08-19,2024-08-21,41100.0,39767.0,-3.484,SL,2
C_갭모멘텀,010060,OCI홀딩스,2021-04-23,2021-04-27,112841.0,112051.0,-0.948,EXPIRE,4
C_갭모멘텀,010060,OCI홀딩스,2021-05-28,2021-05-28,106086.0,102646.0,-3.484,SL,0
C_갭모멘텀,010060,OCI홀딩스,2022-02-28,2022-03-02,83439.0,88224.0,5.471,TP,2
C_갭모멘텀,010060,OCI홀딩스,2022-08-01,2022-08-02,98140.0,94958.0,-3.484,SL,1
C_갭모멘텀,103590,일진전기,2022-03-17,2022-03-18,5312.0,5140.0,-3.484,SL,1
C_갭모멘텀,103590,일진전기,2023-04-20,2023-04-20,7506.0,7263.0,-3.484,SL,0
C_갭모멘텀,103590,일진전기,2024-03-19,2024-03-19,17030.0,16478.0,-3.484,SL,0
C_갭모멘텀,103590,일진전기,2024-04-29,2024-04-29,23150.0,22399.0,-3.484,SL,0
C_갭모멘텀,103590,일진전기,2024-10-18,2024-10-22,25950.0,25109.0,-3.484,SL,4
C_갭모멘텀,017800,현대엘리베이터,2024-11-18,2024-11-20,51500.0,51519.0,-0.212,EXPIRE,2
C_갭모멘텀,302440,SK바이오사이언스,2021-08-11,2021-08-11,303000.0,293175.0,-3.484,SL,0
C_갭모멘텀,302440,SK바이오사이언스,2022-06-28,2022-06-28,113500.0,109820.0,-3.484,SL,0
C_갭모멘텀,302440,SK바이오사이언스,2022-07-12,2022-07-12,149000.0,144169.0,-3.484,SL,0
C_갭모멘텀,302440,SK바이오사이언스,2023-11-07,2023-11-07,69000.0,66763.0,-3.484,SL,0
C_갭모멘텀,043260,성호전자,2022-03-22,2022-03-24,1605.0,1553.0,-3.484,SL,2
C_갭모멘텀,043260,성호전자,2022-09-16,2022-09-16,1615.0,1563.0,-3.484,SL,0
C_갭모멘텀,043260,성호전자,2022-09-28,2022-09-28,1640.0,1587.0,-3.484,SL,0
C_갭모멘텀,043260,성호전자,2023-05-19,2023-05-19,1742.0,1686.0,-3.484,SL,0
C_갭모멘텀,043260,성호전자,2024-03-27,2024-03-28,2180.0,2109.0,-3.484,SL,1
C_갭모멘텀,043260,성호전자,2024-05-07,2024-05-08,1869.0,1976.0,5.471,TP,1
C_갭모멘텀,036460,한국가스공사,2021-09-29,2021-10-01,47550.0,47483.0,-0.389,EXPIRE,2
C_갭모멘텀,036460,한국가스공사,2021-12-29,2021-12-30,39400.0,38122.0,-3.484,SL,1
C_갭모멘텀,036460,한국가스공사,2022-03-02,2022-03-02,42250.0,40880.0,-3.484,SL,0
C_갭모멘텀,036460,한국가스공사,2024-07-30,2024-07-30,44700.0,43251.0,-3.484,SL,0
C_갭모멘텀,036460,한국가스공사,2024-08-13,2024-08-16,46850.0,49537.0,5.471,TP,3
C_갭모멘텀,347850,디앤디파마텍,2024-07-25,2024-07-25,9522.0,10068.0,5.471,TP,0
C_갭모멘텀,347850,디앤디파마텍,2024-12-13,2024-12-17,11636.0,12303.0,5.471,TP,4
C_갭모멘텀,014680,한솔케미칼,2022-11-14,2022-11-14,212000.0,205126.0,-3.484,SL,0
C_갭모멘텀,014680,한솔케미칼,2023-11-14,2023-11-16,179500.0,181065.0,0.62,EXPIRE,2
C_갭모멘텀,011780,금호석유화학,2021-02-08,2021-02-08,278000.0,268986.0,-3.484,SL,0
C_갭모멘텀,011780,금호석유화학,2021-03-30,2021-03-30,266000.0,257375.0,-3.484,SL,0
C_갭모멘텀,011780,금호석유화학,2024-02-19,2024-02-20,156300.0,151232.0,-3.484,SL,1
C_갭모멘텀,011780,금호석유화학,2024-07-09,2024-07-11,156700.0,163925.0,4.35,EXPIRE,2
C_갭모멘텀,083650,비에이치아이,2021-03-08,2021-03-08,3135.0,3033.0,-3.484,SL,0
C_갭모멘텀,083650,비에이치아이,2021-04-20,2021-04-20,4675.0,4523.0,-3.484,SL,0
C_갭모멘텀,083650,비에이치아이,2021-05-21,2021-05-21,5090.0,4925.0,-3.484,SL,0
C_갭모멘텀,083650,비에이치아이,2022-01-04,2022-01-05,4245.0,4107.0,-3.484,SL,1
C_갭모멘텀,083650,비에이치아이,2022-05-23,2022-05-23,5620.0,5438.0,-3.484,SL,0
C_갭모멘텀,083650,비에이치아이,2022-07-08,2022-07-08,7840.0,7586.0,-3.484,SL,0
C_갭모멘텀,083650,비에이치아이,2022-10-21,2022-10-21,5880.0,5689.0,-3.484,SL,0
C_갭모멘텀,083650,비에이치아이,2022-11-02,2022-11-02,5890.0,5699.0,-3.484,SL,0
C_갭모멘텀,083650,비에이치아이,2022-11-10,2022-11-10,6980.0,7380.0,5.471,TP,0
C_갭모멘텀,083650,비에이치아이,2022-11-14,2022-11-14,9420.0,9115.0,-3.484,SL,0
C_갭모멘텀,083650,비에이치아이,2023-04-18,2023-04-18,9870.0,9550.0,-3.484,SL,0
C_갭모멘텀,083650,비에이치아이,2023-07-12,2023-07-12,8780.0,8495.0,-3.484,SL,0
C_갭모멘텀,083650,비에이치아이,2023-08-29,2023-08-29,7580.0,7334.0,-3.484,SL,0
C_갭모멘텀,083650,비에이치아이,2023-09-20,2023-09-20,7980.0,7721.0,-3.484,SL,0
C_갭모멘텀,083650,비에이치아이,2024-03-15,2024-03-15,10420.0,10082.0,-3.484,SL,0
C_갭모멘텀,083650,비에이치아이,2024-05-28,2024-05-28,11770.0,11388.0,-3.484,SL,0
C_갭모멘텀,083650,비에이치아이,2024-10-18,2024-10-18,10020.0,9695.0,-3.484,SL,0
C_갭모멘텀,083650,비에이치아이,2024-10-22,2024-10-22,10520.0,10179.0,-3.484,SL,0
C_갭모멘텀,083650,비에이치아이,2024-10-30,2024-10-30,12450.0,12046.0,-3.484,SL,0
C_갭모멘텀,009420,한올바이오파마,2021-02-05,2021-02-08,25450.0,26910.0,5.471,TP,3
C_갭모멘텀,009420,한올바이오파마,2023-05-24,2023-05-24,22900.0,22157.0,-3.484,SL,0
C_갭모멘텀,009420,한올바이오파마,2023-10-05,2023-10-05,33800.0,32704.0,-3.484,SL,0
C_갭모멘텀,004170,신세계,2023-03-06,2023-03-07,220000.0,212866.0,-3.484,SL,1
C_갭모멘텀,004170,신세계,2023-08-11,2023-08-11,213000.0,206093.0,-3.484,SL,0
C_갭모멘텀,009970,영원무역홀딩스,2022-03-14,2022-03-16,47000.0,45476.0,-3.484,SL,2
C_갭모멘텀,009970,영원무역홀딩스,2024-02-06,2024-02-06,92600.0,89597.0,-3.484,SL,0
C_갭모멘텀,023530,롯데쇼핑,2023-08-11,2023-08-11,76800.0,74310.0,-3.484,SL,0
C_갭모멘텀,085620,미래에셋생명,2021-02-16,2021-02-18,3935.0,4021.0,1.928,EXPIRE,2
C_갭모멘텀,457190,이수스페셜티케미컬,2023-08-31,2023-08-31,54900.0,53120.0,-3.484,SL,0
C_갭모멘텀,457190,이수스페셜티케미컬,2023-11-03,2023-11-03,28400.0,27479.0,-3.484,SL,0
C_갭모멘텀,457190,이수스페셜티케미컬,2023-11-07,2023-11-07,34160.0,33052.0,-3.484,SL,0
C_갭모멘텀,457190,이수스페셜티케미컬,2023-12-01,2023-12-01,38000.0,36768.0,-3.484,SL,0
C_갭모멘텀,457190,이수스페셜티케미컬,2024-01-08,2024-01-08,36580.0,35394.0,-3.484,SL,0
C_갭모멘텀,457190,이수스페셜티케미컬,2024-02-27,2024-02-27,65800.0,69574.0,5.471,TP,0
C_갭모멘텀,457190,이수스페셜티케미컬,2024-03-11,2024-03-11,76800.0,74310.0,-3.484,SL,0
C_갭모멘텀,319400,현대무벡스,2023-04-20,2023-04-20,4995.0,4833.0,-3.484,SL,0
C_갭모멘텀,319400,현대무벡스,2023-04-26,2023-04-27,3975.0,4203.0,5.471,TP,1
C_갭모멘텀,319400,현대무벡스,2023-05-03,2023-05-03,4400.0,4652.0,5.471,TP,0
C_갭모멘텀,319400,현대무벡스,2023-05-23,2023-05-24,5000.0,4838.0,-3.484,SL,1
C_갭모멘텀,319400,현대무벡스,2024-09-24,2024-09-26,3100.0,3034.0,-2.362,EXPIRE,2
C_갭모멘텀,084370,유진테크,2021-11-23,2021-11-23,54800.0,53023.0,-3.484,SL,0
C_갭모멘텀,084370,유진테크,2022-03-18,2022-03-22,45500.0,46736.0,2.46,EXPIRE,4
C_갭모멘텀,084370,유진테크,2022-11-14,2022-11-14,25900.0,25060.0,-3.484,SL,0
C_갭모멘텀,084370,유진테크,2023-03-31,2023-03-31,32250.0,31204.0,-3.484,SL,0
C_갭모멘텀,084370,유진테크,2024-03-22,2024-03-22,41000.0,39671.0,-3.484,SL,0
C_갭모멘텀,084370,유진테크,2024-08-16,2024-08-20,50100.0,49227.0,-1.987,EXPIRE,4
C_갭모멘텀,084370,유진테크,2024-09-13,2024-09-13,38400.0,37155.0,-3.484,SL,0
C_갭모멘텀,140410,메지온,2021-08-24,2021-08-24,66758.0,64593.0,-3.484,SL,0
C_갭모멘텀,140410,메지온,2021-12-30,2022-01-04,72299.0,74308.0,2.523,EXPIRE,5
C_갭모멘텀,140410,메지온,2022-03-17,2022-03-17,49735.0,48122.0,-3.484,SL,0
C_갭모멘텀,140410,메지온,2022-07-18,2022-07-18,23100.0,22351.0,-3.484,SL,0
C_갭모멘텀,140410,메지온,2022-11-09,2022-11-09,14150.0,13691.0,-3.484,SL,0
C_갭모멘텀,140410,메지온,2022-11-14,2022-11-15,13350.0,14116.0,5.471,TP,1
C_갭모멘텀,140410,메지온,2023-03-14,2023-03-14,20400.0,19739.0,-3.484,SL,0
C_갭모멘텀,140410,메지온,2024-12-18,2024-12-19,35150.0,34010.0,-3.484,SL,1
C_갭모멘텀,178320,서진시스템,2022-04-01,2022-04-05,19699.0,19681.0,-0.341,EXPIRE,4
C_갭모멘텀,178320,서진시스템,2022-09-21,2022-09-23,17450.0,17239.0,-1.453,EXPIRE,2
C_갭모멘텀,178320,서진시스템,2022-11-14,2022-11-14,16300.0,15771.0,-3.484,SL,0
C_갭모멘텀,178320,서진시스템,2024-07-04,2024-07-04,34150.0,33043.0,-3.484,SL,0
C_갭모멘텀,178320,서진시스템,2024-10-25,2024-10-25,29500.0,28543.0,-3.484,SL,0
C_갭모멘텀,005850,에스엘,2021-05-20,2021-05-20,29350.0,31033.0,5.471,TP,0
C_갭모멘텀,005850,에스엘,2022-05-18,2022-05-18,29600.0,28640.0,-3.484,SL,0
C_갭모멘텀,005850,에스엘,2022-08-18,2022-08-19,35150.0,37166.0,5.471,TP,1
C_갭모멘텀,005850,에스엘,2023-05-17,2023-05-19,37800.0,36970.0,-2.439,EXPIRE,2
C_갭모멘텀,005850,에스엘,2023-11-16,2023-11-20,32250.0,32486.0,0.481,EXPIRE,4
C_갭모멘텀,005850,에스엘,2024-05-20,2024-05-20,35400.0,34252.0,-3.484,SL,0
C_갭모멘텀,005850,에스엘,2024-06-18,2024-06-20,44700.0,43251.0,-3.484,SL,2
C_갭모멘텀,028670,팬오션,2021-03-23,2021-03-23,7000.0,6773.0,-3.484,SL,0
C_갭모멘텀,028670,팬오션,2021-04-23,2021-04-23,6880.0,7275.0,5.471,TP,0
C_갭모멘텀,028670,팬오션,2021-04-27,2021-04-27,7620.0,7373.0,-3.484,SL,0
C_갭모멘텀,028670,팬오션,2023-12-04,2023-12-04,4985.0,4823.0,-3.484,SL,0
C_갭모멘텀,028670,팬오션,2024-02-08,2024-02-08,4400.0,4257.0,-3.484,SL,0
C_갭모멘텀,112610,씨에스윈드,2021-02-09,2021-02-09,89900.0,95056.0,5.471,TP,0
C_갭모멘텀,112610,씨에스윈드,2021-03-11,2021-03-11,65000.0,62892.0,-3.484,SL,0
C_갭모멘텀,112610,씨에스윈드,2021-03-15,2021-03-17,70900.0,68601.0,-3.484,SL,2
C_갭모멘텀,112610,씨에스윈드,2022-02-28,2022-03-02,60400.0,63864.0,5.471,TP,2
C_갭모멘텀,112610,씨에스윈드,2023-01-13,2023-01-13,73500.0,71117.0,-3.484,SL,0
C_갭모멘텀,112610,씨에스윈드,2023-10-12,2023-10-16,52700.0,55722.0,5.471,TP,4
C_갭모멘텀,112610,씨에스윈드,2023-11-16,2023-11-17,50900.0,49250.0,-3.484,SL,1
C_갭모멘텀,112610,씨에스윈드,2023-12-15,2023-12-19,61300.0,62481.0,1.672,EXPIRE,4
C_갭모멘텀,440110,파두,2023-11-03,2023-11-07,32950.0,31882.0,-3.484,SL,4
C_갭모멘텀,440110,파두,2024-10-11,2024-10-11,17110.0,16555.0,-3.484,SL,0
C_갭모멘텀,440110,파두,2024-10-28,2024-10-29,21950.0,21238.0,-3.484,SL,1
C_갭모멘텀,051600,한전KPS,2022-11-02,2022-11-02,34800.0,33672.0,-3.484,SL,0
C_갭모멘텀,051600,한전KPS,2023-09-20,2023-09-22,34050.0,33482.0,-1.912,EXPIRE,2
C_갭모멘텀,103140,풍산,2021-02-23,2021-02-23,36900.0,35703.0,-3.484,SL,0
C_갭모멘텀,103140,풍산,2023-03-03,2023-03-06,38950.0,37687.0,-3.484,SL,3
C_갭모멘텀,103140,풍산,2024-05-03,2024-05-03,73000.0,70633.0,-3.484,SL,0
C_갭모멘텀,103140,풍산,2024-09-30,2024-09-30,62300.0,60280.0,-3.484,SL,0
C_갭모멘텀,103140,풍산,2024-10-22,2024-10-23,71000.0,68698.0,-3.484,SL,1
C_갭모멘텀,008930,한미사이언스,2024-10-31,2024-10-31,49400.0,47798.0,-3.484,SL,0
C_갭모멘텀,001430,세아베스틸지주,2022-10-17,2022-10-17,17300.0,16739.0,-3.484,SL,0
C_갭모멘텀,001430,세아베스틸지주,2023-02-28,2023-02-28,25300.0,24480.0,-3.484,SL,0
C_갭모멘텀,001430,세아베스틸지주,2023-11-27,2023-11-27,27000.0,26124.0,-3.484,SL,0
C_갭모멘텀,001430,세아베스틸지주,2024-11-08,2024-11-08,23350.0,22593.0,-3.484,SL,0
C_갭모멘텀,068760,셀트리온제약,2021-06-15,2021-06-15,129636.0,125432.0,-3.484,SL,0
C_갭모멘텀,068760,셀트리온제약,2021-08-13,2021-08-18,134916.0,137569.0,1.712,EXPIRE,5
C_갭모멘텀,068760,셀트리온제약,2021-09-24,2021-09-24,134421.0,130062.0,-3.484,SL,0
C_갭모멘텀,068760,셀트리온제약,2021-11-16,2021-11-16,115194.0,111459.0,-3.484,SL,0
C_갭모멘텀,068760,셀트리온제약,2023-11-07,2023-11-07,64699.0,62601.0,-3.484,SL,0
C_갭모멘텀,218410,RFHIC,2021-11-25,2021-11-29,33650.0,32559.0,-3.484,SL,4
C_갭모멘텀,218410,RFHIC,2021-12-29,2021-12-29,35800.0,34639.0,-3.484,SL,0
C_갭모멘텀,218410,RFHIC,2022-04-06,2022-04-06,33000.0,31930.0,-3.484,SL,0
C_갭모멘텀,218410,RFHIC,2022-11-14,2022-11-16,23000.0,23567.0,2.211,EXPIRE,2
C_갭모멘텀,005290,동진쎄미켐,2021-03-17,2021-03-19,33250.0,32172.0,-3.484,SL,2
C_갭모멘텀,005290,동진쎄미켐,2021-11-19,2021-11-23,38500.0,38365.0,-0.598,EXPIRE,4
C_갭모멘텀,005290,동진쎄미켐,2021-12-21,2021-12-21,36500.0,38593.0,5.471,TP,0
C_갭모멘텀,005290,동진쎄미켐,2022-11-14,2022-11-14,34150.0,33043.0,-3.484,SL,0
C_갭모멘텀,058610,에스피지,2022-03-18,2022-03-18,12850.0,13587.0,5.471,TP,0
C_갭모멘텀,058610,에스피지,2022-08-02,2022-08-04,16100.0,16642.0,3.106,EXPIRE,2
C_갭모멘텀,058610,에스피지,2023-01-04,2023-01-06,17550.0,17987.0,2.234,EXPIRE,2
C_갭모멘텀,058610,에스피지,2023-03-10,2023-03-10,23850.0,23077.0,-3.484,SL,0
C_갭모멘텀,058610,에스피지,2023-03-16,2023-03-16,29500.0,28543.0,-3.484,SL,0
C_갭모멘텀,058610,에스피지,2023-09-08,2023-09-08,39800.0,42082.0,5.471,TP,0
C_갭모멘텀,257720,실리콘투,2022-06-30,2022-06-30,3533.0,3736.0,5.471,TP,0
C_갭모멘텀,257720,실리콘투,2022-12-08,2022-12-08,2765.0,2675.0,-3.484,SL,0
C_갭모멘텀,257720,실리콘투,2024-02-22,2024-02-22,10230.0,9898.0,-3.484,SL,0
C_갭모멘텀,257720,실리콘투,2024-05-13,2024-05-13,26000.0,25157.0,-3.484,SL,0
C_갭모멘텀,257720,실리콘투,2024-08-19,2024-08-20,45300.0,43831.0,-3.484,SL,1
C_갭모멘텀,383220,F&F,2021-07-21,2021-07-23,116800.0,123498.0,5.471,TP,2
C_갭모멘텀,383220,F&F,2023-09-12,2023-09-12,119000.0,115141.0,-3.484,SL,0
C_갭모멘텀,347700,스피어,2023-12-27,2023-12-28,2345.0,2269.0,-3.484,SL,1
C_갭모멘텀,347700,스피어,2024-02-16,2024-02-16,2510.0,2429.0,-3.484,SL,0
C_갭모멘텀,347700,스피어,2024-06-26,2024-06-26,2320.0,2245.0,-3.484,SL,0
C_갭모멘텀,347700,스피어,2024-12-13,2024-12-13,5160.0,5456.0,5.471,TP,0
C_갭모멘텀,071970,HD현대마린엔진,2021-05-03,2021-05-03,8610.0,9104.0,5.471,TP,0
C_갭모멘텀,071970,HD현대마린엔진,2021-06-30,2021-06-30,10400.0,10063.0,-3.484,SL,0
C_갭모멘텀,071970,HD현대마린엔진,2022-12-27,2022-12-27,7950.0,7692.0,-3.484,SL,0
C_갭모멘텀,071970,HD현대마린엔진,2023-07-13,2023-07-13,9370.0,9066.0,-3.484,SL,0
C_갭모멘텀,071970,HD현대마린엔진,2023-07-31,2023-08-01,8800.0,9305.0,5.471,TP,1
C_갭모멘텀,071970,HD현대마린엔진,2024-01-05,2024-01-05,12470.0,12066.0,-3.484,SL,0
C_갭모멘텀,071970,HD현대마린엔진,2024-04-25,2024-04-29,16330.0,17267.0,5.471,TP,4
C_갭모멘텀,071970,HD현대마린엔진,2024-07-29,2024-07-30,23350.0,22593.0,-3.484,SL,1
C_갭모멘텀,006360,GS건설,2022-03-11,2022-03-14,46500.0,49167.0,5.471,TP,3
C_갭모멘텀,006360,GS건설,2024-04-04,2024-04-04,15760.0,15249.0,-3.484,SL,0
C_갭모멘텀,018670,SK가스,2021-06-08,2021-06-10,125000.0,127552.0,1.787,EXPIRE,2
C_갭모멘텀,204320,HL만도,2022-07-12,2022-07-14,49400.0,50523.0,2.018,EXPIRE,2
C_갭모멘텀,031980,피에스케이홀딩스,2022-02-17,2022-02-17,14800.0,15649.0,5.471,TP,0
C_갭모멘텀,031980,피에스케이홀딩스,2022-03-28,2022-03-28,15300.0,14804.0,-3.484,SL,0
C_갭모멘텀,031980,피에스케이홀딩스,2023-06-16,2023-06-16,14310.0,15131.0,5.471,TP,0
C_갭모멘텀,031980,피에스케이홀딩스,2023-11-16,2023-11-16,32500.0,31446.0,-3.484,SL,0
C_갭모멘텀,031980,피에스케이홀딩스,2024-01-23,2024-01-23,29500.0,28543.0,-3.484,SL,0
C_갭모멘텀,031980,피에스케이홀딩스,2024-02-13,2024-02-13,34400.0,33285.0,-3.484,SL,0
C_갭모멘텀,031980,피에스케이홀딩스,2024-02-23,2024-02-23,41900.0,40541.0,-3.484,SL,0
C_갭모멘텀,031980,피에스케이홀딩스,2024-04-25,2024-04-25,48300.0,46734.0,-3.484,SL,0
C_갭모멘텀,031980,피에스케이홀딩스,2024-06-07,2024-06-07,65000.0,68728.0,5.471,TP,0
C_갭모멘텀,336260,두산퓨얼셀,2022-05-09,2022-05-09,39050.0,37784.0,-3.484,SL,0
C_갭모멘텀,336260,두산퓨얼셀,2022-08-09,2022-08-11,35450.0,37483.0,5.471,TP,2
C_갭모멘텀,336260,두산퓨얼셀,2022-11-14,2022-11-15,36600.0,35413.0,-3.484,SL,1
C_갭모멘텀,336260,두산퓨얼셀,2023-11-07,2023-11-07,19990.0,19342.0,-3.484,SL,0
C_갭모멘텀,336260,두산퓨얼셀,2024-05-23,2024-05-23,25000.0,24189.0,-3.484,SL,0
C_갭모멘텀,007340,DN오토모티브,2022-04-05,2022-04-06,15882.0,16793.0,5.471,TP,1
C_갭모멘텀,007340,DN오토모티브,2022-06-02,2022-06-02,14620.0,14146.0,-3.484,SL,0
C_갭모멘텀,007340,DN오토모티브,2022-08-18,2022-08-18,13319.0,12887.0,-3.484,SL,0
C_갭모멘텀,007340,DN오토모티브,2024-01-05,2024-01-05,16323.0,15794.0,-3.484,SL,0
C_갭모멘텀,000240,한국앤컴퍼니,2023-12-06,2023-12-06,21200.0,20513.0,-3.484,SL,0
C_갭모멘텀,000240,한국앤컴퍼니,2024-02-05,2024-02-05,19200.0,18577.0,-3.484,SL,0
C_갭모멘텀,004800,효성,2021-05-04,2021-05-04,80885.0,78262.0,-3.484,SL,0
C_갭모멘텀,004370,농심,2022-08-25,2022-08-25,312000.0,301883.0,-3.484,SL,0
C_갭모멘텀,120110,코오롱인더,2021-02-04,2021-02-05,53200.0,51475.0,-3.484,SL,1
C_갭모멘텀,120110,코오롱인더,2021-08-31,2021-09-02,86000.0,83211.0,-3.484,SL,2
D_과매도반등,003550,LG,2021-05-28,2021-05-31,109000.0,104378.0,-4.479,SL,3
D_과매도반등,003550,LG,2021-06-02,2021-06-10,101000.0,96718.0,-4.479,SL,8
D_과매도반등,352820,하이브,2021-12-03,2021-12-09,333500.0,359279.0,7.461,TP,6
